Tour Name,Price (Euro)
Japan Express: Osaka to Tokyo,1912
Epic Japan,1599
Japan Express,1735
Japan: Land of the Rising Sun,3120
Ski Japan,2249
Japan Express,1232
Japan Classics - 9 days,2985
One Life Adventures - Japan,1530
Japan Winter Wonder,2396
Essential Japan,1660
Best of Japan with Osaka,2754
Best of Japan with Osaka & Hiroshima,3607
Hokkaido Winter Discovery,4430
Majestic Japan (2019),6020
Contrast of Japan,2195
Ancient Capitals Self-Guided Trek 5D/4N,1412
Japan Highlights 10D/9N,1690
Shikoku 88 Temple Pilgrimage,6725
Hakuba Ski Adventure 12D/11N,1343
Hakuba Ski & Tokyo Experience 15D/14N,1694
Kumano Kodo Trail Self-Guided Trek 4D/3N,1206
Nakasendo Trail Self-Guided Trek 3D/2N,1217
"Hakone Discovery, Gateway to Mt. Fuji 3D/2N",289
Tokyo Welcome Package 4D/3N,199
Tokyo Welcome Package 3D/2N,152
Japan Explorer Singles Cruise,3054
North Asian Odyssey 25 Days,15019
9 Days Japan Cherry Blossom Tour | Anime & Hiroshima - Beautiful Japan,3320
11 Days Grand Japan Cherry Blossom Tour - Odyssey Japan (Tokyo to Osaka),4683
Hokkaido Tranquil Summer 8 Days,3248
Okinawa Explorer,2221
Highlights of Japan | Nikkei Japanese Ancestry Tour 10 Days,2809
West Japan - 8 Days,2458
Highlights of Japan Tour 7 Days,2214
Tokyo Islands Hopping,2982
Japan Discovered,4428
Gardens & Galleries of Japan,4413
Best of Shikoku and Kyushu,3530
See them all Japan! - Anime Japan 14 Days,4513
Discover Japan End Sapporo,3450
Takayama & Villages | Grand Japan Tour 13 Days,4683
Best of Tokyo and Kyoto,3104
Japan Winter Wonder PLUS 4 Day Ski,2866
"Japan: Hike, Bike & Kayak",3645
Golden Route of Japan Tour 7 Days,2214
Japan Winter Wonder PLUS 6 Day Ski,3111
Golden Route of Japan Tour 6 Days,2043
Snow Monkeys,1736
Land of the Samurai - 12 days,3056
Japan Family Holiday,3570
Japan: Land of the Snow Monkeys,4160
Northern Tohoku and Western Hokkaido Winter Mini Tour,1997
"Journey to the East, featuring Sapporo Snow Festival",3152
Classic Japan with Matsue and Osaka 2019,6505
Splendours of Japan with Hiroshima,4582
Cycling in Japan,5075
The Quilters Japan Journey - Japan International Great Quilt Festival Tour,3390
Classic Japan,4065
Meet Wild Snow Monkey - Winter Japan Tour,2214
Japan Highlights,1199
Discover Japan,3497
Tokyo to Takayama - 13 days,4226
Japan Highlights 2019-20 (Takayama  ),2870
7 Day Japan Express,1021
Cultural Treasures of Japan  (Tokyo to Kyoto) (2018),4046
Samurai Craft,2386
South Japan Express,1430
Central Japan End Kyoto,1385
Classic Japan 2019,3859
Japan Highlights,2130
Explore Southern Japan,2429
Splendours of Japan Celebrate the Takayama Festival 2019,3348
Best of Japan,3444
Cherry Blossom Festival - 13 days,5441
Japan Adventure,2779
Winter Wonderland,3743
Become a Festival Performer,1018
Tokyo,975
Best of Hokkaido and Tohoku,3743
Japan's Kumano Kodo,5585
Shikoku and Kyushu Rail and Drive,3743
Japan Delights 6 Days,851
Highlights of Japan,936
2019 Treasures of Japan Spring Tour 6 days,1563
Cultural Treasures of Japan  (Tokyo to Kyoto) (2019),3832
Hidden Tokyo Experience,383
Journey Through Japan 2019,2767
Timeless Japan,2457
Discover Japan & Hike Mt Fuji,3374
Southern Japan Experience,4005
Best of Japan Tour including Hiroshima,2872
Japan Cherry Blossom Tour - Essence of Spring | Hiroshima 9 Days,3151
Beyond your imagination - Highlights of Japan Tour | Anime,2469
Highlights of Japan Tour 6 Days,2043
Japan Cherry Blossom Tour - Essence of Spring (from Osaka to Tokyo),2383
Hokkaido & Tohoku - 9 Days,2809
Anime Lover's Dream - Anime Japan Tour 9 Days,2554
Anime Pioneer Adventure - Japan Cherry Blossom Tour With Anime,3192
Japan Cherry Blossom Tour - Essence of Spring (from Tokyo to Osaka),2383
Takayama Spring Festival | Hiroshima Tour,2980
Takayama Spring Festival | Hidden Village Japan Tour from Tokyo,2469
Tokyo with Mt Fuji 2019,2278
Discover Japan,2624
Japan on a Shoestring – Tokyo to Kyoto,919
Japan Winter Festivals,2437
Japan Winter Highlights,1967
Japan Highlights 2018/19 (Koyasan),3059
Backroads of Japan,2377
Japan on a Shoestring – Kyoto to Osaka,917
Iconic Japan,3977
Essential Japan,1910
Sapporo Snow Festival & Hokkaido Highlights,1399
Best of Japan,1989
Backroads of Japan,2294
Southern Japan,1679
Wonders of Japan End Osaka,2805
Cycle Japan,3025
Nakasendo Further Self-guided walking 6 days,1400
North Japan,2865
Essence of Spring | Quilt Festival Tour 10 Days,4242
Takayama & Villages | Hidden Trail Japan Tour,2724
Anime Pioneer Adventure - 8 Day Japan Cherry Blossom Tour With Anime (Osaka to Tokyo),3065
Japan Cherry Blossom Tour With Anime 8 Days (Tokyo to Osaka),2809
Essence of Spring | Nikkei Ancestry Tour,3406
Japan E-Biking,8339
Best of Kyoto and Beyond,2039
Best of Tokyo and Beyond,2039
Hokkaido Spring Spectacular - 8 Days,2897
2019 Treasures of Japan Tour 6 days,1563
Japan's Noto Peninsula,3408
Kumano Kodo Highlights,2082
Cycle Japan (2019),4539
Contrast of Japan end Tokyo,2510
Japan Kansai - 6 Days,1975
Best of Japan - 8 days,2606
Tokyo to Tokyo,1767
Sapporo Snow Festival & Japan Winter Highlights,3739
Snow Monkey Explorer - 13 Days,5531
Best of Japan with Hiroshima,2915
Japan Escape,1198
Japan Unrivalled,3778
Japan Real Food Adventure,4100
Japan Kanto - 5 days,1316
8 Days Japan Classic,1192
Anime Pioneer Adventure - Japan Golden Route Tour with Anime,2469
Ancient & Modern Japan,4635
"Japan Hike, Bike & Kayak",3734
Japan Discovery 2019,3002
Japan Winter,2474
Mt Fuji & the Japanese Alps,3875
Splendours of Japan with Hiroshima (from Kyoto to Osaka),3348
Japan Expedition: Okinawa,3055
Central Japan,2065
2019 Japan Sakura Tour Tokyo to Osaka 6Days,1563
2019 Japan Complete Tour 11 days,3347
Toki,2343
Discover Japan with Hiroshima,4465
Japan Alps Winter Mini Tour,1997
Japan Discovered,1979
Hokkaido Snow Festival - 9 Days,3600
Eastern Hokkaido Winter Mini Tour,1997
Japan – Cultural Odyssey,3999
2019 Japan Sakura Tour with Hiroshima 7 days,1931
Highlights of Japan (2019),2816
2019 Treasures of Japan with Hiroshima from Tokyo 7 days,1931
Japan Unveiled 2019/2020,9929
2019 Japan Sakura Tour Osaka to Tokyo 6 days,1563
Hidden Treasures of Japan,4413
2019 Spring Takayama Festival 8 days,2472
Japan Unveiled 2018/2019,10358
Japan Highlights 12 Days,9377
2019 Japan Complete Tour Osaka to Tokyo 11 Days,3347
Explore Japan,3906
Backroads of Japan,3346
Nippon,5324
Wonders of Japan end Tokyo,4050
Best of Japan Economy,3104
Discover Japan,4270
12 Days Grand Japan Cherry Blossom Tour - Odyssey Japan (Osaka to Tokyo),4854
12 Days Grand Japan Cherry Blossom Tour - Odyssey Japan (Tokyo to Osaka),4854
Japan Northern Explorer,4122
5 Days Essence of Spring | Anime Pioneer,1446
Japan Highlights 8D/7N,1229
Ancient Empires—Beijing to Tokyo,2959
Best of Japan in 22 Days,6086
4 Days Essence of Spring | Anime Pioneer,1361
Japan Explorer 13D/12N,1641
Authentic Japan Group Adventure 10D/9N,2494
Quick Japan Explorer 5D/4N,936
Japan Local Adventure 10D/9N,2794
Hakuba Ski Adventure 8D/7N,1030
Hakuba Ski & Tokyo Experience 11D/10N,1381
Japan Active Adventure,2570
Highlights of Japan Tour | Hiroshima 9 Days,2639
Tokyo Anime Guide - Anime Japan Tour 6 Days,1702
Japan Unveiled,10714
Treasures of Japan 18 Days,12702
10 Days Japan Cherry Blossom Tour | Anime & Hiroshima - Beautiful Japan,3320
8 Days Japan Cherry Blossom Tour with Hiroshima - Beautiful Japan,2980
Takayama & Villages | Hiroshima Japan Tour,3151
Shogun Trail (2019),4058
Japan Cherry Blossom Tour - Essence of Spring 6 Days (from Osaka to Tokyo),2214
Essence of Spring | Southern Japan 7 Days - Highlights of Kyushu & Shikoku,3192
Action Packed Exciting Journey - Anime Japan 10 Days,3406
Takayama Spring Festival Tour - Treasure of Hidden Trail,2469
2019 Unforgettable Experiences Japan Nostalgic Shirakawago 8days,2422
Hokkaido Fall Foliage - 8 Days,3205
Ancient Trails of Japan,4316
Kumano Kodo Pilgrimage Hike,1348
Takayama Spring Festival | Grand Tour,4385
Treasures of Japan 16 Days,12013
Japan Highlights 14 Days,10271
Japan International Great Quilt Festival 6 Day Tour,2717
Essential Japan,12259
Yamabushi,2939
Kyushu Onsen to Onsen,1892
Traditional Japan - Highlights of Japan Tour | Hiroshima 8 Days,2469
Highlights of Japan Tour | Anime & Hiroshima,3151
Ultimate Japan,7295
Nippon Nostalgia,2483
Japan Cherry Blossom Tour - Essence of Spring 6 Days (from Tokyo to Osaka),2214
North Japan End Sapporo,2040
